"slot","idx","file","lum","warm","sat"
"about-casa","0","1631679706909-1844bbd07221","189","31","23"
"about-casa","1","1678762200388-51e11225d4de","144","40","20"
"about-casa","2","1706140675031-1e0548986ad1","0","0","0"
"about-casa","3","1716078410207-20e223587181","171","30","21"
"about-casa","4","1745429523617-0d837856ca35","121","32","21"
"about-casa","5","1762544968153-b9b47435fefd","153","33","20"
"alquiler","0","1560184897-502a475f7a0d","158","31","19"
"alquiler","1","1560185128-e173042f79dd","150","37","26"
"alquiler","2","1588946355955-8ad8dc42ce49","191","19","20"
"alquiler","3","1598928636135-d146006ff4be","171","16","12"
"alquiler","4","1661595077028-9ff236368cb5","0","0","0"
"alquiler","5","1723200797471-bf9b048fe2f2","0","0","0"
"detalle-obra","0","1683121183975-6b9fd3af9f6a","0","0","0"
"detalle-obra","1","1683121250314-f5e3bb80aa75","0","0","0"
"detalle-obra","2","1683121304531-8d12ffd0c8f5","0","0","0"
"detalle-obra","3","1726912051143-3c732c0f580a","81","18","23"
"detalle-obra","4","1731341712423-40fc1f8bf84f","125","8","6"
"detalle-obra","5","1768839725085-829e6ac7ac26","181","29","22"
"hero-equipo","0","1667520405114-47d3677f966e","0","0","0"
"hero-equipo","1","1758272421751-963195322eaa","125","8","16"
"hero-equipo","2","1758272421995-e993f97fae22","138","6","15"
"hero-equipo","3","1758273238415-01ec03d9ef27","205","-14","19"
"hero-equipo","4","1758273705627-937374bfa978","181","-9","15"
"hero-equipo","5","1758273705723-26ef454252ce","154","-12","17"
"hero-villa","0","1524228461686-3de5d5289d09","163","10","14"
"hero-villa","1","1620320958515-9921cd495d0d","203","4","12"
"hero-villa","2","1659122908014-277c678aaf24","138","23","21"
"hero-villa","3","1692444614772-ef47de42678c","0","0","0"
"hero-villa","4","1714894322178-ab18ee9c50fe","186","5","8"
"hero-villa","5","1748283985954-c611c2b25b3e","0","0","0"
"limpieza","0","1554995207-c18c203602cb","169","5","13"
"limpieza","1","1677234147281-3b505c036d36","0","0","0"
"limpieza","2","1683140809308-efe349ad6be4","0","0","0"
"limpieza","3","1723914019579-b6d43116603c","0","0","0"
"limpieza","4","1758272422189-b10f36fd4ddd","137","-12","18"
"limpieza","5","1778062868104-c2d4978e44a5","177","39","24"
"mantenimiento","0","1599619585752-c3edb42a414c","95","5","15"
"mantenimiento","1","1652829069862-87874e119527","192","-4","8"
"mantenimiento","2","1674376360441-356d1d9b48eb","145","25","17"
"mantenimiento","3","1674376360445-2996327553e7","132","28","21"
"mantenimiento","4","1688372199140-cade7ae820fe","154","68","45"
"mantenimiento","5","1693985120993-e9b203ce7631","194","7","9"
"piscina","0","1715896025798-8393318a7fb5","110","-42","30"
"piscina","1","1723823059463-90da824e08f8","0","0","0"
"piscina","2","1748729621145-7d6ae503b0f3","0","0","0"
"piscina","3","1751972774281-34f966e9d21e","152","36","35"
"piscina","4","1781456016988-04806c42c260","145","27","25"
"piscina","5","1787868377879-98168d69cfe2","163","34","30"
"reformas","0","1600488999585-e4364713b90a","156","28","17"
"reformas","1","1721825155908-c8ba49a7b8b6","155","20","12"
"reformas","2","1722247481379-e798ed9f4b97","182","11","14"
"reformas","3","1722604831165-03f3a0fe2559","166","18","11"
"reformas","4","1722604831781-be16c7870641","165","18","10"
"reformas","5","1733864821717-b504546fb013","0","0","0"
"reparaciones","0","1562259929-b4e1fd3aef09","92","16","26"
"reparaciones","1","1584677191047-38f48d0db64e","243","-1","32"
"reparaciones","2","1668373587657-0211ba2b8805","0","0","0"
"reparaciones","3","1723478480754-436a04e21412","0","0","0"
"reparaciones","4","1780385187605-7324343d3f76","169","-3","11"
"reparaciones","5","1783587354869-de09cfffaf9a","184","24","20"
